Datetime,Water Level (m)
2025-11-29 12:00:00,-0.43237224
2025-11-29 13:00:00,0.08870314
2025-11-29 14:00:00,0.57804435
2025-11-29 15:00:00,0.937362
2025-11-29 16:00:00,1.1017473
2025-11-29 17:00:00,1.0108966
2025-11-29 18:00:00,0.7081692
2025-11-29 19:00:00,0.33008683
2025-11-29 20:00:00,-0.045045067
2025-11-29 21:00:00,-0.41039383
2025-11-29 22:00:00,-0.7011825
2025-11-29 23:00:00,-0.81012475
2025-11-30 00:00:00,-0.46558475
2025-11-30 01:00:00,0.032310966
2025-11-30 02:00:00,0.5222506
2025-11-30 03:00:00,0.91435194
2025-11-30 04:00:00,1.1257021
2025-11-30 05:00:00,1.0629617
2025-11-30 06:00:00,0.7648193
2025-11-30 07:00:00,0.37373358
2025-11-30 08:00:00,-0.025149824
2025-11-30 09:00:00,-0.4269759
2025-11-30 10:00:00,-0.789136
2025-11-30 11:00:00,-1.0782017
2025-11-30 12:00:00,-0.9643256
2025-11-30 13:00:00,-0.4058576
2025-11-30 14:00:00,0.20784454
2025-11-30 15:00:00,0.75900704
2025-11-30 16:00:00,1.1701136
2025-11-30 17:00:00,1.3495108
2025-11-30 18:00:00,1.2224914
2025-11-30 19:00:00,0.880334
2025-11-30 20:00:00,0.46535125
2025-11-30 21:00:00,0.042903513
2025-11-30 22:00:00,-0.36389124
2025-11-30 23:00:00,-0.71937555
2025-12-01 00:00:00,-0.9417524
2025-12-01 01:00:00,-0.6673389
2025-12-01 02:00:00,-0.1167433
2025-12-01 03:00:00,0.44828305
2025-12-01 04:00:00,0.9065606
2025-12-01 05:00:00,1.1727821
2025-12-01 06:00:00,1.143742
2025-12-01 07:00:00,0.8329048
2025-12-01 08:00:00,0.4235119
2025-12-01 09:00:00,0.00013593373
2025-12-01 10:00:00,-0.42432976
2025-12-01 11:00:00,-0.8066612
2025-12-01 12:00:00,-1.1179522
2025-12-01 13:00:00,-0.9450394
2025-12-01 14:00:00,-0.315847
2025-12-01 15:00:00,0.34942946
2025-12-01 16:00:00,0.9461473
2025-12-01 17:00:00,1.3791558
2025-12-01 18:00:00,1.5510234
2025-12-01 19:00:00,1.3795283
2025-12-01 20:00:00,0.99181986
2025-12-01 21:00:00,0.5423461
2025-12-01 22:00:00,0.08589912
2025-12-01 23:00:00,-0.3510472
2025-12-02 00:00:00,-0.73708063
2025-12-02 01:00:00,-1.0019997
2025-12-02 02:00:00,-0.69620883
2025-12-02 03:00:00,-0.09925221
2025-12-02 04:00:00,0.5099874
2025-12-02 05:00:00,0.99530536
2025-12-02 06:00:00,1.2649777
2025-12-02 07:00:00,1.2047523
2025-12-02 08:00:00,0.8581512
2025-12-02 09:00:00,0.42584372
2025-12-02 10:00:00,-0.017088765
2025-12-02 11:00:00,-0.4601743
2025-12-02 12:00:00,-0.8582701
2025-12-02 13:00:00,-1.1755251
2025-12-02 14:00:00,-0.88916224
2025-12-02 15:00:00,-0.21033467
2025-12-02 16:00:00,0.5174893
2025-12-02 17:00:00,1.134163
2025-12-02 18:00:00,1.5714201
2025-12-02 19:00:00,1.7020916
2025-12-02 20:00:00,1.4659915
2025-12-02 21:00:00,1.0358208
2025-12-02 22:00:00,0.55439705
2025-12-02 23:00:00,0.07227497
2025-12-03 00:00:00,-0.38726068
2025-12-03 01:00:00,-0.7959409
2025-12-03 02:00:00,-1.0899587
2025-12-03 03:00:00,-0.7194599
2025-12-03 04:00:00,-0.072529055
2025-12-03 05:00:00,0.5740109
2025-12-03 06:00:00,1.0591688
2025-12-03 07:00:00,1.2989514
2025-12-03 08:00:00,1.1830074
2025-12-03 09:00:00,0.80034345
2025-12-03 10:00:00,0.35197002
2025-12-03 11:00:00,-0.09916495
2025-12-03 12:00:00,-0.554416
2025-12-03 13:00:00,-0.95806974
2025-12-03 14:00:00,-1.2456157
2025-12-03 15:00:00,-0.7856573
2025-12-03 16:00:00,-0.05505673
2025-12-03 17:00:00,0.72079945
2025-12-03 18:00:00,1.3356785
2025-12-03 19:00:00,1.753874
2025-12-03 20:00:00,1.81606
2025-12-03 21:00:00,1.4989711
2025-12-03 22:00:00,1.0310227
2025-12-03 23:00:00,0.5264563
2025-12-04 00:00:00,0.026059931
2025-12-04 01:00:00,-0.44715896
2025-12-04 02:00:00,-0.8636405
2025-12-04 03:00:00,-1.1275084
2025-12-04 04:00:00,-0.6448203
2025-12-04 05:00:00,0.04167154
2025-12-04 06:00:00,0.6815275
2025-12-04 07:00:00,1.1355774
2025-12-04 08:00:00,1.3297762
2025-12-04 09:00:00,1.1412823
2025-12-04 10:00:00,0.7281159
2025-12-04 11:00:00,0.26928526
2025-12-04 12:00:00,-0.18945074
2025-12-04 13:00:00,-0.6419718
2025-12-04 14:00:00,-1.0474482
2025-12-04 15:00:00,-1.2604117
2025-12-04 16:00:00,-0.6479573
2025-12-04 17:00:00,0.13144831
2025-12-04 18:00:00,0.8993763
2025-12-04 19:00:00,1.512667
2025-12-04 20:00:00,1.8783139
2025-12-04 21:00:00,1.8443319
2025-12-04 22:00:00,1.4548252
2025-12-04 23:00:00,0.9633655
2025-12-05 00:00:00,0.4470598
2025-12-05 01:00:00,-0.05602201
2025-12-05 02:00:00,-0.53853625
2025-12-05 03:00:00,-0.95525694
2025-12-05 04:00:00,-1.1311634
2025-12-05 05:00:00,-0.5294734
2025-12-05 06:00:00,0.17556874
2025-12-05 07:00:00,0.79008794
2025-12-05 08:00:00,1.2068052
2025-12-05 09:00:00,1.336167
2025-12-05 10:00:00,1.0733863
2025-12-05 11:00:00,0.640346
2025-12-05 12:00:00,0.1791164
